path	sha256
README.md	5d45b5cecf33e5043f79c7f3d1a68875062e5203e6fbc5637c6a2933c5b8e5fe
api-auth-matrix.tsv	3fdde4a00050d574b29cb1f57144cae8c607d2f5cf2de41d8e3a1a6872da8e1c
asset-manifest.tsv	6c3495cef53964969334ab5a40ee66ccedcbc74c087dfc45d45e5e7da8538c44
brand-asset-inventory.tsv	758e6d13c5a25bb35e529eadef6fa2b923085220736290145a8a6183041e110e
browser-storage-inventory.tsv	c28f25a3f96323f336bb622c386bbefba8a77e7fd83090131375395e92876dec
browser-storage.md	c85454f437157069538f78a2c9aac86e6e3b6c4a52abd9478e64a9df79df74a4
classification.tsv	82ce66bb7bf38e1a81fff9928d523312a13e225aab2d58e36df25303c9d6e069
identity-contract.json	425cba9b544b7cae8900289d6e3b603d72e3685e641c2097d4eaf22e83df7e26
identity-inventory.tsv	4dc9b14b6e73d2bea8e1362db8b2fdff09672189a8c84e0d3e5333e7b7666172
path-consumers.tsv	4dd29a193ccc8ef61a03d74612586446413f015118a7a6f04e278223103614ff
path-inventory.md	6234a938734f1705038feba8d0f300b8bb64d08e2a0176aa28b7aca58b9800a1
raw-inventory-commands.log	7453a406cbe34719e7a4a0595c47a351a610fc89b7574a1379b801a36df56124
release-surface-inventory.tsv	f93d6a8c9ad5b272b7130e2126ae1b837f14455fa9618742e337e84897561a25
resource-inventory.json	57e084335fd78832f105e5265b1c894499a13ef7616842b9446f3de0598f2eea
screenshot-scenario-manifest.json	9d871eeab7b01a836270baf59120d15d843e688eedd39169c93f3a15b73e8e25
source-inventory.txt	77c989df8304d8401c447ea0e75c165b05397e8fc2ccec1c4202227c2e0fc2dc
validation-result.txt	d60ee0e5c28e258e41729df432c602373c3fab4f78b12bd6f01cc1d2e5f02107
